MUNICIPIO,SECCION
"6","331"
"6","332"
"6","333"
"13","741"
"14","756"
"6","334"
"13","751"
"14","757"
"6","335"
"13","740"
"13","742"
"13","744"
"14","752"
"20","1427"
"13","743"
"14","753"
"14","754"
"13","745"
"13","746"
"14","755"
"20","1428"
"13","747"
"13","750"
"20","1803"
"13","748"
"13","749"
"14","758"
"9","611"
"14","759"
"14","760"
"14","761"
"14","762"
"14","763"
"14","764"
"14","765"
"3","147"
"14","766"
"14","767"
"14","768"
"14","769"
"14","770"
"3","148"
"14","771"
"14","772"
"14","773"
"14","774"
"14","775"
"20","1804"
"14","776"
"14","777"
"33","2551"
"14","778"
"14","779"
"14","780"
"33","2552"
"33","2553"
"14","781"
"14","782"
"33","2554"
"33","2555"
"20","1429"
"14","783"
"14","784"
"14","785"
"14","786"
"14","789"
"14","787"
"14","790"
"3","149"
"14","788"
"14","791"
"14","792"
"14","793"
"33","2556"
"3","150"
"14","794"
"14","796"
"33","2557"
"3","151"
"3","152"
"14","795"
"3","153"
"14","797"
"14","798"
"33","2558"
"20","3054"
"14","799"
"14","803"
"33","2559"
"14","800"
"14","807"
"14","801"
"14","802"
"33","2560"
"14","804"
"14","805"
"33","2561"
"33","2563"
"20","1444"
"14","806"
"3","154"
"14","808"
"20","1275"
"14","809"
"14","810"
"14","811"
"14","812"
"14","813"
"14","814"
"14","816"
"14","815"
"20","1291"
"14","817"
"14","818"
"33","2545"
"33","2546"
"20","1445"
"20","1446"
"14","819"
"33","2547"
"33","2548"
"14","820"
"33","2549"
"14","821"
"33","2550"
"20","1314"
"14","822"
"33","2543"
"33","2544"
"20","1315"
"20","1447"
"33","2564"
"33","2566"
"33","2568"
"33","2569"
"33","2570"
"33","2582"
"20","1454"
"33","2571"
"33","2583"
"20","1316"
"20","1455"
"33","2572"
"20","1317"
"20","1456"
"33","2573"
"33","2574"
"20","1457"
"33","2575"
"33","2576"
"33","2584"
"9","614"
"33","2577"
"33","2578"
"33","2579"
"20","1318"
"33","2580"
"33","2581"
"32","2518"
"33","2585"
"33","2586"
"33","2594"
"33","2587"
"20","1458"
"20","1459"
"33","2588"
"33","2589"
"20","1319"
"33","2590"
"33","2591"
"20","1320"
"20","1321"
"33","2592"
"33","2595"
"33","2596"
"20","1325"
"33","2593"
"20","1460"
"20","1461"
"33","2597"
"33","2598"
"33","2599"
"3","155"
"20","1470"
"20","1471"
"20","1472"
"20","1828"
"33","2600"
"33","2601"
"33","2602"
"3","174"
"34","2603"
"40","2783"
"20","1676"
"34","2604"
"40","2785"
"20","1326"
"34","2605"
"3","156"
"20","1327"
"20","1328"
"34","2606"
"3","178"
"34","2607"
"3","179"
"40","2778"
"40","2779"
"20","3055"
"40","2780"
"3","191"
"40","2781"
"40","2782"
"20","1329"
"40","2784"
"20","1330"
"20","1829"
"40","2786"
"40","2787"
"3","157"
"20","1355"
"40","2789"
"43","2891"
"3","158"
"3","159"
"3","160"
"3","161"
"43","2892"
"3","162"
"3","163"
"20","1356"
"43","2893"
"43","2894"
"43","2895"
"43","2896"
"43","2897"
"43","2898"
"43","2899"
"43","2900"
"43","2901"
"3","168"
"3","169"
"3","170"
"43","2902"
"43","2903"
"3","192"
"43","2904"
"3","141"
"43","2905"
"45","2934"
"45","2935"
"3","196"
"45","2936"
"45","2937"
"45","2938"
"45","2939"
"3","171"
"45","2940"
"45","2941"
"45","2942"
"20","1357"
"20","1358"
"45","2943"
"3","142"
"20","1359"
"45","2944"
"3","143"
"3","172"
"45","2945"
"3","173"
"45","2946"
"3","144"
"3","146"
"45","2948"
"20","1360"
"3","164"
"3","165"
"3","166"
"3","167"
"3","175"
"3","176"
"3","177"
"3","180"
"3","181"
"3","182"
"3","183"
"3","184"
"3","185"
"3","186"
"3","187"
"3","188"
"3","189"
"3","190"
"3","193"
"3","194"
"3","197"
"20","1361"
"3","195"
"20","1362"
"3","198"
"3","199"
"3","200"
"3","201"
"3","202"
"3","203"
"7","514"
"20","1409"
"3","204"
"3","205"
"3","206"
"3","208"
"7","516"
"20","3056"
"3","207"
"3","209"
"3","210"
"3","211"
"3","217"
"20","1363"
"3","212"
"7","517"
"3","213"
"3","221"
"7","518"
"7","519"
"17","936"
"3","214"
"3","216"
"20","1370"
"3","215"
"3","237"
"20","1700"
"3","218"
"3","219"
"3","220"
"3","222"
"3","223"
"3","238"
"3","224"
"3","225"
"7","495"
"20","1371"
"3","226"
"3","227"
"3","228"
"3","229"
"3","230"
"7","499"
"3","231"
"7","500"
"7","501"
"9","609"
"3","232"
"7","502"
"7","503"
"3","233"
"7","504"
"7","505"
"20","1689"
"3","234"
"7","506"
"20","1435"
"3","235"
"3","236"
"20","1372"
"3","239"
"3","240"
"7","507"
"3","241"
"7","508"
"7","509"
"7","510"
"3","242"
"3","243"
"7","494"
"20","1373"
"7","496"
"7","511"
"7","512"
"7","497"
"7","498"
"7","513"
"7","520"
"7","521"
"7","522"
"7","523"
"7","524"
"7","525"
"9","610"
"9","612"
"9","613"
"9","615"
"9","616"
"9","617"
"9","618"
"9","619"
"32","2513"
"20","1374"
"9","620"
"9","621"
"20","1375"
"20","1376"
"9","622"
"9","623"
"20","1377"
"20","1378"
"9","624"
"32","2515"
"9","625"
"9","626"
"9","627"
"20","1379"
"20","1380"
"9","628"
"9","641"
"9","629"
"9","644"
"9","645"
"9","646"
"9","647"
"20","1385"
"9","630"
"9","648"
"9","649"
"9","650"
"32","2516"
"20","3057"
"9","631"
"9","651"
"9","632"
"32","2505"
"32","2517"
"20","1398"
"9","633"
"32","2506"
"32","2507"
"9","634"
"32","2508"
"9","635"
"9","636"
"9","637"
"32","2509"
"9","638"
"9","639"
"9","640"
"32","2510"
"32","2511"
"32","2512"
"9","642"
"9","643"
"20","1399"
"32","2519"
"32","2520"
"32","2521"
"32","2522"
"32","2523"
"32","2524"
"32","2525"
"32","2526"
"20","1400"
"32","2527"
"32","2528"
"32","2529"
"32","2530"
"32","2531"
"32","2532"
"32","2536"
"32","2533"
"32","2534"
"20","1401"
"20","1402"
"32","2535"
"32","2537"
"20","1403"
"32","2538"
"32","2539"
"20","1274"
"32","2540"
"32","2541"
"32","2542"
"32","3180"
"32","3181"
"3","3212"
"20","1404"
"3","3213"
"3","3214"
"20","1261"
"20","1262"
"20","1263"
"20","1264"
"20","1265"
"20","1266"
"20","1405"
"20","1419"
"20","1267"
"20","1269"
"20","1270"
"20","1271"
"20","1272"
"20","1273"
"20","1420"
"20","1276"
"20","1277"
"20","1278"
"20","1279"
"20","1421"
"20","1422"
"20","1423"
"20","1280"
"20","1281"
"20","1282"
"20","1283"
"20","1284"
"20","1286"
"20","1287"
"20","1288"
"20","1289"
"20","1290"
"20","1424"
"20","1292"
"20","1293"
"20","1294"
"20","1295"
"20","1296"
"20","1299"
"20","1300"
"20","1301"
"20","1302"
"20","1303"
"20","1425"
"20","1304"
"20","1305"
"20","1306"
"20","1307"
"20","1310"
"20","1311"
"20","1312"
"20","1313"
"20","1426"
"20","1331"
"20","1332"
"20","1337"
"20","1338"
"20","1339"
"20","1340"
"20","1341"
"20","1342"
"20","1350"
"20","1351"
"20","1352"
"20","1353"
"20","1354"
"20","1473"
"20","1677"
"20","1478"
"20","1678"
"20","1679"
"20","1680"
"20","1682"
"20","1683"
"20","1684"
"20","1685"
"20","1686"
"20","1688"
"20","1479"
"20","1480"
"20","1699"
"20","1481"
"20","1674"
"20","1675"
"20","1690"
"20","1691"
"20","1692"
"20","1693"
"20","1694"
"20","1695"
"20","1696"
"20","1697"
"20","1698"
"20","1701"
"20","1702"
"20","1703"
"20","1704"
"20","1705"
"20","1706"
"20","1707"
"20","1708"
"20","1709"
"20","1710"
"20","1713"
"20","1714"
"20","1715"
"20","1716"
"20","1717"
"20","1718"
"20","1719"
"20","1737"
"20","1738"
"20","1720"
"20","1722"
"20","1723"
"20","1724"
"20","1725"
"20","1726"
"20","1727"
"20","1728"
"20","1729"
"20","1730"
"20","1731"
"20","1735"
"20","1736"
"20","1740"
"20","1743"
"20","1744"
"20","1745"
"20","1746"
"20","1755"
"20","1756"
"20","1757"
"20","1758"
"20","3157"
"20","3155"
"20","3156"
"20","3158"
"20","3159"
"20","3182"
"20","3183"
"20","3184"
"20","3185"
"20","3186"
"20","3187"
"20","3188"
"20","3189"
"20","1830"
"20","3215"
"20","3216"
"20","3217"
"20","3218"
"15","840"
"20","1831"
"15","823"
"15","831"
"20","1712"
"20","3099"
"15","824"
"15","825"
"15","832"
"15","826"
"15","833"
"30","2379"
"30","2380"
"15","827"
"15","834"
"30","2381"
"15","828"
"20","1805"
"20","1806"
"20","1807"
"15","829"
"15","830"
"20","1808"
"15","835"
"15","836"
"15","839"
"20","1823"
"15","837"
"15","838"
"20","1824"
"15","841"
"15","842"
"15","843"
"30","2382"
"15","844"
"15","846"
"30","2383"
"15","845"
"15","849"
"30","2384"
"15","847"
"15","848"
"15","850"
"15","851"
"15","852"
"15","3173"
"15","853"
"15","854"
"20","1825"
"20","3061"
"15","855"
"15","856"
"15","859"
"15","857"
"15","858"
"20","1832"
"15","860"
"15","861"
"29","2348"
"15","862"
"15","865"
"20","1833"
"15","863"
"29","2349"
"20","1826"
"20","1834"
"15","864"
"15","866"
"15","868"
"29","2354"
"29","2355"
"20","1835"
"20","1836"
"15","867"
"20","1721"
"15","869"
"15","895"
"15","896"
"15","870"
"15","900"
"20","1837"
"15","871"
"22","1899"
"15","872"
"30","2385"
"15","873"
"30","2386"
"30","2387"
"15","874"
"30","2388"
"15","875"
"15","876"
"30","2389"
"20","1838"
"15","877"
"15","879"
"30","2390"
"15","880"
"15","881"
"15","882"
"15","883"
"15","884"
"15","885"
"15","886"
"15","906"
"15","887"
"15","888"
"22","1908"
"15","889"
"15","890"
"15","891"
"15","893"
"22","1911"
"29","2347"
"20","1839"
"15","894"
"20","1732"
"15","897"
"15","898"
"20","1733"
"20","1734"
"15","901"
"15","902"
"15","903"
"20","1739"
"15","904"
"15","912"
"15","905"
"15","907"
"15","913"
"20","1840"
"15","908"
"15","909"
"15","915"
"20","1741"
"15","910"
"22","1894"
"20","1742"
"20","1841"
"15","911"
"20","1747"
"15","914"
"22","1895"
"20","1748"
"22","1896"
"22","1897"
"22","1898"
"20","1749"
"22","1900"
"22","1902"
"20","1750"
"20","1751"
"22","1901"
"20","1752"
"20","1753"
"20","1754"
"22","1903"
"22","1904"
"20","1759"
"17","1018"
"22","1905"
"30","2400"
"22","1906"
"22","1907"
"20","1760"
"20","1761"
"20","1762"
"22","1909"
"22","1910"
"29","2350"
"20","1763"
"20","1764"
"20","1765"
"29","2351"
"29","2352"
"29","2353"
"20","1766"
"20","1767"
"29","2356"
"29","2357"
"29","2358"
"20","1768"
"20","1769"
"29","2359"
"29","2360"
"29","2361"
"15","3174"
"29","2362"
"29","2364"
"20","1770"
"20","1771"
"29","2363"
"20","1772"
"20","1842"
"29","2365"
"29","2368"
"20","1773"
"20","1843"
"29","2366"
"20","1774"
"20","1775"
"29","2367"
"29","2369"
"20","1776"
"29","2370"
"29","2371"
"29","2373"
"29","2372"
"20","1777"
"20","1778"
"20","1779"
"29","2374"
"30","2375"
"30","2376"
"30","2377"
"30","2378"
"30","2391"
"30","2392"
"20","1780"
"30","2393"
"30","2394"
"30","2395"
"20","1781"
"20","1782"
"20","1783"
"30","2396"
"20","1784"
"20","1785"
"30","2397"
"30","2401"
"15","3175"
"20","1786"
"30","2398"
"30","2399"
"20","1844"
"20","1845"
"30","2402"
"30","2403"
"15","3176"
"20","3100"
"30","2404"
"30","2408"
"20","3101"
"30","2405"
"30","2409"
"30","2410"
"30","2406"
"30","2407"
"30","2411"
"30","2412"
"30","2413"
"30","2414"
"15","3177"
"30","2415"
"30","2416"
"15","3178"
"20","1787"
"30","2417"
"30","2418"
"30","2419"
"30","2420"
"30","2421"
"20","1788"
"30","2422"
"20","1467"
"20","1468"
"20","1469"
"30","2423"
"30","2424"
"20","1789"
"20","1790"
"20","1791"
"30","2425"
"20","1493"
"20","1792"
"20","1793"
"30","2426"
"30","2427"
"20","1501"
"20","3007"
"30","2428"
"30","2438"
"30","2429"
"30","2430"
"20","3008"
"30","2431"
"20","1827"
"30","2432"
"30","2433"
"20","1794"
"30","2434"
"30","2435"
"30","2436"
"30","2437"
"20","1795"
"20","1796"
"30","2439"
"20","1502"
"30","2440"
"30","2441"
"30","2442"
"30","2443"
"30","2444"
"15","3171"
"30","2445"
"20","1797"
"20","1798"
"15","3169"
"15","3170"
"15","3172"
"15","3268"
"20","1483"
"20","1799"
"15","3269"
"20","1464"
"20","1465"
"20","1466"
"20","1800"
"20","1484"
"20","1491"
"20","1492"
"20","1801"
"20","1802"
"20","1507"
"20","1648"
"20","1711"
"20","1511"
"20","1602"
"20","1627"
"20","1640"
"20","1809"
"20","1810"
"20","1811"
"20","1812"
"20","1813"
"20","1814"
"20","1815"
"20","1816"
"20","1817"
"20","1818"
"20","1819"
"20","1820"
"20","1821"
"20","1846"
"20","1847"
"20","1848"
"20","1849"
"20","1850"
"20","1851"
"20","1852"
"20","1853"
"20","1854"
"20","1855"
"20","1856"
"20","1857"
"20","1858"
"20","3006"
"20","3009"
"20","3010"
"20","3011"
"20","3012"
"20","3013"
"20","3014"
"20","3015"
"20","3025"
"20","3026"
"20","3016"
"20","3017"
"20","3018"
"20","3019"
"20","3020"
"20","3021"
"20","3022"
"20","3023"
"20","3024"
"20","3027"
"20","3028"
"20","3029"
"20","3030"
"20","3160"
"20","3161"
"20","3198"
"20","3162"
"20","3163"
"20","3164"
"20","3165"
"20","3166"
"20","3167"
"20","3168"
"20","3190"
"20","3191"
"20","3192"
"20","3193"
"20","3199"
"20","3194"
"20","3195"
"20","3196"
"20","3197"
"20","3219"
"20","3220"
"20","3221"
"20","3222"
"20","1322"
"20","1323"
"20","3223"
"20","1297"
"20","1298"
"20","1308"
"20","1309"
"20","1324"
"20","1333"
"20","1334"
"20","1335"
"20","1336"
"20","1343"
"20","1344"
"20","1345"
"20","1346"
"20","1347"
"20","1348"
"20","1387"
"20","1349"
"20","1364"
"20","1365"
"20","1366"
"20","1367"
"20","1368"
"20","1369"
"20","1381"
"20","1382"
"20","1383"
"20","1384"
"20","1386"
"20","1388"
"20","1389"
"20","1390"
"20","1391"
"20","1393"
"20","1394"
"20","1395"
"20","1396"
"20","1397"
"20","1406"
"20","1407"
"20","1408"
"20","1410"
"20","1411"
"20","1412"
"20","1413"
"20","1414"
"20","1415"
"20","1416"
"20","1417"
"20","1418"
"20","1430"
"20","1431"
"20","1432"
"20","1433"
"20","1434"
"20","1436"
"20","1437"
"20","1438"
"20","1439"
"20","1440"
"20","1441"
"20","1442"
"20","1443"
"20","1448"
"20","1449"
"20","1450"
"20","1451"
"20","1452"
"20","1453"
"20","1474"
"20","1475"
"20","1476"
"20","1482"
"20","1485"
"20","1486"
"20","1489"
"20","1504"
"20","1487"
"20","1488"
"20","3039"
"20","3040"
"20","1497"
"20","1498"
"20","1499"
"20","1503"
"20","3058"
"20","1505"
"20","1506"
"20","1508"
"20","1510"
"20","3059"
"20","3060"
"20","1512"
"20","1513"
"20","1654"
"20","1660"
"20","3041"
"20","1661"
"20","3031"
"20","3032"
"20","3033"
"20","3034"
"20","3035"
"20","3036"
"20","3037"
"20","3038"
"20","3042"
"20","3043"
"20","3044"
"20","3045"
"20","3046"
"20","3047"
"20","3048"
"20","3049"
"20","3050"
"20","3051"
"20","3052"
"20","3053"
"20","3062"
"20","3063"
"20","3064"
"20","3065"
"20","3066"
"20","3067"
"20","3068"
"20","3069"
"20","3070"
"20","3071"
"20","3072"
"20","3073"
"20","3074"
"20","3075"
"20","3076"
"20","3077"
"20","3078"
"20","3079"
"20","3080"
"20","3081"
"20","3097"
"20","3082"
"20","3083"
"20","3084"
"20","3085"
"20","3086"
"20","3087"
"20","3088"
"20","3089"
"20","3090"
"20","3091"
"20","3092"
"20","3093"
"20","3094"
"20","3095"
"20","3096"
"20","3098"
"20","3131"
"20","3132"
"20","3133"
"20","3134"
"20","3135"
"20","3136"
"20","3137"
"27","2196"
"20","3138"
"20","3139"
"20","3140"
"20","3141"
"20","3142"
"20","3143"
"20","3144"
"20","3145"
"20","3146"
"20","3147"
"8","570"
"20","3148"
"20","3149"
"20","3150"
"20","3151"
"20","3152"
"20","3153"
"20","3154"
"20","3224"
"20","3225"
"8","571"
"20","3226"
"20","3227"
"20","3228"
"20","3229"
"20","3230"
"20","3270"
"20","3271"
"8","567"
"8","568"
"8","569"
"8","572"
"8","573"
"8","574"
"8","575"
"8","577"
"26","2074"
"8","576"
"8","592"
"8","578"
"8","579"
"8","580"
"8","581"
"8","582"
"8","583"
"31","2470"
"8","584"
"8","585"
"8","586"
"8","587"
"8","588"
"8","598"
"8","589"
"8","590"
"8","591"
"8","593"
"8","594"
"8","595"
"12","724"
"12","725"
"8","596"
"8","597"
"12","726"
"21","1869"
"8","599"
"8","600"
"31","2471"
"31","2472"
"8","601"
"8","602"
"12","734"
"8","603"
"8","604"
"8","605"
"8","606"
"8","607"
"12","736"
"8","608"
"12","717"
"12","718"
"12","719"
"12","720"
"12","721"
"12","722"
"12","723"
"12","727"
"12","728"
"12","729"
"26","2064"
"41","2801"
"12","731"
"12","732"
"12","733"
"26","2065"
"12","737"
"12","738"
"27","2140"
"12","739"
"25","2034"
"26","2066"
"27","2157"
"25","2035"
"25","2036"
"25","2037"
"25","2038"
"25","2039"
"25","2040"
"25","2041"
"26","2067"
"27","2158"
"25","2042"
"25","2043"
"26","2068"
"26","2069"
"27","2159"
"25","2044"
"31","2473"
"25","2045"
"25","2046"
"31","2474"
"27","2160"
"25","2047"
"25","2048"
"25","2049"
"25","2050"
"25","2051"
"25","2052"
"26","2070"
"25","2053"
"25","2054"
"26","2071"
"25","2055"
"25","2056"
"37","2662"
"25","2057"
"25","2058"
"26","2059"
"26","2060"
"26","2061"
"26","2062"
"26","2063"
"26","2072"
"26","2073"
"31","2475"
"26","2075"
"26","2076"
"26","2077"
"31","2476"
"27","2161"
"26","2078"
"26","2079"
"26","2080"
"31","2478"
"26","2081"
"26","2082"
"26","2083"
"26","2089"
"26","2084"
"26","2085"
"26","2086"
"26","2094"
"26","2087"
"26","2088"
"26","2090"
"26","2091"
"26","2092"
"26","2093"
"26","2095"
"26","2096"
"26","2097"
"26","2098"
"26","2099"
"26","2100"
"31","2454"
"31","2479"
"26","2101"
"26","2102"
"31","2467"
"31","2468"
"27","2162"
"26","2103"
"26","2104"
"26","2105"
"31","2469"
"26","2106"
"26","2107"
"26","2108"
"31","2446"
"31","2447"
"31","2448"
"31","2449"
"31","2450"
"31","2451"
"31","2452"
"31","2453"
"27","2183"
"31","2455"
"31","2456"
"31","2457"
"31","2458"
"31","2459"
"31","2460"
"31","2461"
"31","2462"
"31","2463"
"31","2464"
"31","2465"
"31","2466"
"31","2480"
"31","2481"
"27","2225"
"31","2482"
"31","2483"
"31","2484"
"31","2501"
"27","2232"
"31","2485"
"31","2486"
"31","2487"
"31","2502"
"17","943"
"31","2488"
"31","2489"
"31","2490"
"31","2491"
"35","2621"
"31","2492"
"31","2493"
"31","2494"
"31","2495"
"31","2496"
"31","2503"
"35","2622"
"31","2497"
"31","2498"
"31","2499"
"31","2500"
"35","2623"
"31","2504"
"31","3231"
"31","3232"
"31","3233"
"31","3234"
"27","2127"
"27","2109"
"27","2110"
"27","2111"
"27","2112"
"27","2113"
"27","2114"
"27","2115"
"27","2116"
"27","2117"
"27","2118"
"27","2119"
"27","2120"
"27","2121"
"27","2122"
"27","2123"
"27","2124"
"27","2125"
"27","2126"
"27","2128"
"27","2129"
"27","2130"
"27","2131"
"27","2132"
"27","2133"
"27","2134"
"27","2135"
"27","2136"
"27","2137"
"27","2138"
"27","2139"
"27","2141"
"27","2142"
"27","2143"
"27","2144"
"27","2145"
"27","2146"
"27","2147"
"27","2148"
"27","2149"
"27","2150"
"27","2151"
"27","2152"
"27","2153"
"27","2154"
"27","2155"
"27","2156"
"27","2163"
"27","2164"
"27","2165"
"27","2166"
"27","2167"
"27","2168"
"27","2169"
"27","2170"
"27","2171"
"27","2172"
"27","2173"
"27","2174"
"27","2175"
"27","2176"
"27","2184"
"27","2177"
"27","2178"
"27","2179"
"27","2180"
"27","2181"
"27","2182"
"27","2185"
"27","2186"
"27","2187"
"27","2188"
"27","2189"
"27","2191"
"27","2192"
"27","2194"
"27","2195"
"27","2197"
"27","2198"
"27","2199"
"27","2203"
"27","2204"
"27","2205"
"27","2224"
"27","2200"
"35","2624"
"27","2201"
"27","2202"
"37","2665"
"27","2206"
"27","2207"
"27","2209"
"27","2217"
"27","2208"
"18","1186"
"27","2210"
"27","2211"
"27","2216"
"37","2666"
"27","2212"
"27","2213"
"27","2214"
"27","2215"
"27","2218"
"27","2219"
"27","2220"
"27","2221"
"27","2222"
"27","2223"
"27","2226"
"27","2227"
"27","2228"
"27","2229"
"27","2230"
"27","2231"
"27","2233"
"27","2234"
"27","2235"
"27","2236"
"37","2667"
"27","2237"
"35","2625"
"37","2668"
"27","2238"
"27","2239"
"37","2669"
"27","2240"
"27","2241"
"27","2242"
"27","2243"
"27","2244"
"27","2245"
"27","2246"
"35","2626"
"27","2247"
"27","2248"
"35","2634"
"27","2249"
"27","2250"
"27","2259"
"21","1870"
"27","2251"
"27","2252"
"35","2616"
"20","3128"
"27","2253"
"27","2254"
"27","2255"
"27","2256"
"27","2257"
"27","2258"
"35","2617"
"35","2618"
"27","2260"
"27","2261"
"35","2619"
"35","2620"
"27","2262"
"35","2608"
"35","2609"
"35","2610"
"35","2611"
"35","2612"
"35","2613"
"35","2614"
"35","2615"
"35","2627"
"17","973"
"35","2628"
"44","2921"
"17","974"
"35","2629"
"35","2630"
"35","2631"
"35","2632"
"35","2633"
"44","2933"
"35","2635"
"35","2636"
"35","2637"
"35","2638"
"35","2639"
"35","2640"
"35","2641"
"35","2642"
"27","3200"
"17","975"
"35","2643"
"44","2906"
"44","2908"
"44","2909"
"44","2910"
"44","2911"
"44","2912"
"44","2913"
"44","2914"
"44","2915"
"44","2916"
"44","2917"
"44","2918"
"44","2919"
"44","2920"
"37","2663"
"44","2922"
"44","2923"
"44","2924"
"44","2925"
"27","3201"
"44","2926"
"44","2927"
"44","2928"
"44","3202"
"44","3203"
"44","2929"
"44","2930"
"44","2931"
"44","2932"
"27","3235"
"27","3236"
"27","3237"
"27","3238"
"17","929"
"17","934"
"17","930"
"17","931"
"17","932"
"17","933"
"17","935"
"17","937"
"17","938"
"17","939"
"17","940"
"17","941"
"17","942"
"17","944"
"17","945"
"17","946"
"17","947"
"17","948"
"17","949"
"17","950"
"17","1138"
"17","951"
"17","952"
"17","953"
"17","954"
"17","955"
"17","956"
"17","957"
"37","2670"
"20","3129"
"17","958"
"17","959"
"17","960"
"17","961"
"17","962"
"17","972"
"37","2671"
"17","987"
"17","1006"
"17","1007"
"17","1114"
"17","1139"
"17","1140"
"17","1115"
"17","1116"
"37","2672"
"17","1117"
"17","1119"
"37","2673"
"37","2674"
"17","1118"
"37","2675"
"17","1120"
"17","1121"
"17","1122"
"17","1123"
"17","1124"
"17","1129"
"17","1125"
"17","1126"
"17","1127"
"17","1128"
"11","691"
"17","1130"
"17","1137"
"17","1131"
"17","1132"
"37","2676"
"17","1133"
"17","1134"
"37","2677"
"17","1135"
"17","1136"
"41","2802"
"17","1141"
"17","1160"
"17","1142"
"17","1143"
"37","2654"
"17","1144"
"37","2655"
"37","2656"
"37","2664"
"17","1149"
"37","2657"
"37","2658"
"7","399"
"17","1150"
"17","1152"
"37","2659"
"17","1153"
"17","1154"
"37","2660"
"37","2661"
"37","2678"
"37","2679"
"37","2680"
"37","2681"
"37","2682"
"37","2683"
"37","2684"
"37","2685"
"37","2686"
"37","2727"
"37","2687"
"37","2688"
"37","2689"
"7","400"
"37","2690"
"37","2691"
"37","2692"
"7","401"
"37","2693"
"37","2694"
"37","2701"
"20","1536"
"37","2695"
"37","2696"
"37","2702"
"37","2728"
"37","2697"
"37","2698"
"37","2711"
"37","2699"
"37","2700"
"37","2720"
"37","2703"
"37","2704"
"37","2726"
"37","2705"
"37","2706"
"37","2707"
"18","1187"
"37","2708"
"37","2709"
"37","2710"
"11","666"
"37","2712"
"37","2713"
"37","2714"
"37","2715"
"11","678"
"37","2716"
"37","2717"
"37","2718"
"37","2719"
"37","2721"
"37","2722"
"37","2723"
"37","2724"
"37","2725"
"37","2729"
"37","2730"
"37","2731"
"11","662"
"11","663"
"11","664"
"11","665"
"11","690"
"11","667"
"11","668"
"11","669"
"11","670"
"11","671"
"11","672"
"11","673"
"11","674"
"11","675"
"11","676"
"11","677"
"11","679"
"11","680"
"11","681"
"11","682"
"11","683"
"11","684"
"11","685"
"11","686"
"11","687"
"11","688"
"11","689"
"11","692"
"11","693"
"11","694"
"18","1183"
"11","695"
"11","696"
"11","697"
"18","1184"
"11","698"
"11","699"
"11","702"
"11","700"
"11","701"
"11","708"
"7","429"
"11","703"
"11","704"
"11","705"
"11","706"
"11","707"
"11","709"
"11","710"
"11","711"
"11","712"
"11","713"
"7","430"
"11","714"
"11","715"
"18","1179"
"18","1180"
"18","1181"
"18","1182"
"7","431"
"11","716"
"18","1178"
"18","1185"
"18","1188"
"18","1189"
"18","1190"
"18","1191"
"18","1194"
"21","1871"
"18","1192"
"18","1193"
"20","1537"
"18","1195"
"18","1196"
"18","1199"
"18","1200"
"18","1201"
"20","1538"
"18","1197"
"18","1198"
"21","1866"
"21","1867"
"18","1202"
"18","1203"
"21","1859"
"21","1860"
"21","1861"
"21","1862"
"21","1863"
"21","1864"
"21","1865"
"21","1868"
"21","1872"
"21","1873"
"21","1874"
"21","1875"
"21","1876"
"21","1877"
"21","1878"
"21","1879"
"21","1880"
"21","1881"
"28","2264"
"21","1882"
"21","1883"
"21","1884"
"21","1885"
"21","1886"
"28","2265"
"20","1539"
"21","1887"
"28","2266"
"28","2267"
"20","1540"
"20","1541"
"21","1888"
"21","1889"
"21","1890"
"21","1891"
"28","2274"
"21","1892"
"20","1542"
"21","1893"
"28","2263"
"28","2268"
"28","2269"
"28","2270"
"28","2271"
"28","2272"
"28","2273"
"20","1543"
"28","2275"
"28","2276"
"28","2277"
"28","2278"
"28","2279"
"28","2280"
"28","2281"
"28","2282"
"28","2283"
"28","2284"
"28","2319"
"28","2285"
"28","2286"
"28","2287"
"28","2288"
"28","2320"
"28","2289"
"28","2290"
"28","2291"
"28","2292"
"28","2293"
"28","2294"
"28","2295"
"28","2296"
"28","2321"
"28","2297"
"28","2298"
"28","2299"
"28","2300"
"28","2301"
"7","432"
"28","2302"
"28","2303"
"28","2304"
"41","2803"
"28","2305"
"28","2306"
"28","2307"
"28","2308"
"28","2309"
"28","2310"
"20","1544"
"28","2311"
"28","2312"
"28","2313"
"28","2314"
"28","2331"
"28","2315"
"28","2316"
"28","2317"
"28","2318"
"28","2322"
"28","2323"
"28","2324"
"28","2325"
"28","2326"
"28","2327"
"28","2328"
"28","2329"
"28","2330"
"46","2957"
"28","2332"
"28","2333"
"28","2334"
"28","2335"
"28","2336"
"46","2958"
"28","2337"
"28","2338"
"28","2339"
"28","2340"
"28","2343"
"20","1545"
"28","2341"
"36","2647"
"20","1546"
"28","2342"
"28","2344"
"28","2345"
"36","2648"
"20","1547"
"20","1548"
"20","1549"
"28","2346"
"36","2644"
"36","2645"
"36","2646"
"41","2790"
"36","2649"
"36","2650"
"41","2791"
"20","1550"
"36","2651"
"36","2652"
"36","2653"
"41","2792"
"41","2793"
"41","2794"
"41","2795"
"41","2796"
"41","2797"
"41","2798"
"41","2799"
"41","2800"
"41","2804"
"41","2805"
"41","2806"
"41","2807"
"41","2808"
"41","2809"
"41","2810"
"20","1551"
"41","2811"
"46","2959"
"46","2960"
"46","2961"
"20","1552"
"41","2812"
"20","1553"
"41","2813"
"41","2814"
"41","2815"
"46","2949"
"46","2962"
"20","1554"
"46","2950"
"46","2951"
"46","2952"
"46","2963"
"46","2953"
"46","2954"
"46","2955"
"46","2956"
"20","1555"
"46","2964"
"46","2965"
"20","1556"
"20","1557"
"20","1631"
"46","2966"
"46","2968"
"46","2967"
"46","2972"
"20","1569"
"46","2969"
"46","2970"
"46","2975"
"46","2971"
"46","2976"
"46","2973"
"46","2977"
"46","2978"
"20","1595"
"20","1596"
"46","2974"
"46","2979"
"20","1597"
"20","1598"
"46","2980"
"46","3001"
"46","2981"
"20","1628"
"46","2982"
"46","2983"
"20","1517"
"20","1518"
"20","1629"
"46","2984"
"46","2989"
"20","1630"
"46","2985"
"20","1519"
"46","2986"
"46","2992"
"20","1520"
"20","1521"
"46","2987"
"46","2998"
"46","2988"
"20","1522"
"46","2990"
"46","2991"
"20","1523"
"20","1524"
"20","1525"
"46","2993"
"46","2999"
"20","1526"
"20","1527"
"20","1528"
"20","1529"
"46","2994"
"46","3000"
"46","2995"
"46","2996"
"20","1530"
"46","2997"
"20","1531"
"7","455"
"46","3002"
"46","3003"
"20","1532"
"20","1533"
"20","1534"
"20","1535"
"7","486"
"46","3004"
"46","3005"
"20","1462"
"20","1463"
"20","1514"
"20","1515"
"20","1516"
"20","1558"
"20","1559"
"20","1560"
"20","1561"
"20","1562"
"20","1563"
"20","1564"
"20","1565"
"20","1566"
"20","1567"
"20","1568"
"20","1570"
"20","1571"
"20","1572"
"20","1573"
"20","1574"
"20","1575"
"20","1576"
"20","1577"
"20","1578"
"20","1579"
"20","1580"
"20","1581"
"20","1582"
"20","1583"
"20","1584"
"17","1057"
"20","1585"
"20","1586"
"20","1587"
"20","1588"
"20","1589"
"20","1590"
"20","1591"
"20","1592"
"20","1593"
"20","1594"
"20","1599"
"20","1600"
"20","1601"
"20","1603"
"20","1604"
"20","1605"
"20","1606"
"20","1607"
"20","1608"
"20","1609"
"20","1610"
"20","1611"
"20","1612"
"17","1069"
"20","1613"
"20","1615"
"20","1616"
"20","1617"
"20","1618"
"20","1619"
"20","1620"
"20","1621"
"20","1622"
"20","1623"
"20","1624"
"20","1625"
"20","1626"
"20","1633"
"20","1635"
"20","1636"
"20","1637"
"20","1638"
"20","1639"
"20","1641"
"20","1667"
"7","397"
"20","1643"
"20","1644"
"20","1645"
"20","1646"
"20","1649"
"20","1650"
"20","1651"
"20","1652"
"20","1653"
"20","1655"
"20","3121"
"20","1656"
"20","1657"
"20","1664"
"20","3122"
"20","1658"
"20","1659"
"20","1662"
"20","1663"
"20","1665"
"20","1666"
"20","3123"
"20","1668"
"20","1669"
"20","1670"
"20","3124"
"20","3125"
"20","3126"
"20","1671"
"20","1672"
"20","1673"
"20","3127"
"20","3130"
"20","3204"
"20","3205"
"20","3206"
"20","3207"
"20","3208"
"20","3209"
"20","3210"
"20","3211"
"7","398"
"20","3243"
"20","3244"
"20","3245"
"20","3246"
"20","3247"
"20","3248"
"20","3249"
"20","3278"
"20","3279"
"20","3280"
"20","3281"
"20","3282"
"20","3283"
"20","3284"
"20","3285"
"20","3286"
"20","3287"
"20","3288"
"20","3289"
"7","337"
"7","338"
"7","339"
"7","340"
"7","341"
"7","342"
"7","344"
"7","345"
"7","346"
"7","348"
"7","349"
"7","350"
"7","351"
"7","352"
"7","353"
"7","354"
"7","355"
"7","356"
"7","357"
"7","358"
"7","359"
"7","360"
"7","361"
"7","362"
"7","363"
"7","364"
"7","365"
"7","366"
"7","367"
"7","368"
"7","369"
"7","370"
"7","371"
"7","372"
"7","373"
"7","374"
"7","375"
"7","376"
"7","377"
"7","378"
"7","379"
"7","380"
"7","381"
"7","382"
"7","383"
"7","384"
"7","385"
"7","386"
"7","387"
"7","388"
"7","389"
"7","390"
"7","391"
"7","392"
"7","393"
"7","394"
"7","395"
"7","396"
"7","402"
"7","403"
"7","404"
"7","405"
"7","406"
"7","407"
"7","408"
"7","409"
"7","410"
"7","411"
"7","412"
"7","413"
"7","414"
"7","415"
"7","416"
"7","417"
"7","418"
"7","419"
"7","420"
"7","421"
"7","422"
"7","423"
"7","424"
"7","425"
"7","426"
"7","427"
"7","428"
"7","433"
"7","434"
"7","435"
"7","436"
"7","437"
"7","438"
"7","439"
"7","440"
"7","441"
"7","442"
"7","443"
"7","444"
"7","445"
"7","446"
"7","447"
"7","448"
"7","449"
"7","450"
"7","451"
"7","452"
"7","453"
"7","454"
"7","456"
"7","457"
"7","458"
"7","459"
"7","460"
"7","461"
"7","462"
"7","463"
"7","464"
"7","465"
"7","466"
"7","467"
"7","468"
"7","469"
"7","470"
"7","471"
"7","472"
"7","473"
"7","474"
"7","475"
"7","476"
"7","3104"
"7","477"
"7","478"
"7","479"
"7","480"
"7","481"
"7","482"
"7","483"
"7","484"
"7","485"
"7","487"
"7","488"
"7","489"
"7","490"
"7","491"
"7","492"
"7","493"
"7","529"
"7","3105"
"7","526"
"7","527"
"7","528"
"7","3106"
"7","3107"
"7","530"
"7","531"
"7","532"
"7","533"
"7","537"
"7","534"
"7","535"
"7","536"
"7","538"
"7","539"
"7","540"
"7","541"
"7","542"
"7","543"
"7","544"
"7","545"
"17","1019"
"7","546"
"7","547"
"7","548"
"7","549"
"7","550"
"7","3108"
"7","551"
"7","552"
"7","553"
"7","554"
"7","559"
"7","3109"
"7","555"
"7","556"
"7","557"
"7","558"
"17","1020"
"7","560"
"7","561"
"7","563"
"7","564"
"7","565"
"7","566"
"7","3102"
"7","3103"
"7","3110"
"7","3111"
"7","3112"
"7","3113"
"7","3114"
"7","3115"
"7","3116"
"7","3117"
"7","3118"
"7","3119"
"7","3120"
"7","3250"
"17","1021"
"7","3251"
"7","3252"
"7","3253"
"7","3254"
"7","3255"
"7","3256"
"7","3290"
"7","3291"
"7","3292"
"7","3293"
"7","3294"
"7","3295"
"7","3296"
"7","3297"
"7","3298"
"7","3299"
"1","10"
"23","1915"
"17","1022"
"1","1"
"1","2"
"1","11"
"1","12"
"17","1023"
"1","3"
"1","4"
"1","5"
"1","6"
"1","7"
"1","8"
"1","9"
"1","13"
"1","14"
"1","16"
"1","15"
"1","17"
"23","1916"
"1","18"
"1","19"
"1","20"
"23","1927"
"1","21"
"1","22"
"17","1024"
"1","23"
"1","24"
"1","25"
"1","33"
"1","26"
"1","27"
"1","28"
"23","1928"
"1","29"
"1","30"
"1","31"
"1","32"
"23","1917"
"1","34"
"23","1918"
"23","1919"
"17","1070"
"1","35"
"1","40"
"1","41"
"1","36"
"23","1920"
"23","1921"
"1","37"
"1","50"
"16","916"
"23","1922"
"1","38"
"16","917"
"16","918"
"1","39"
"16","924"
"1","42"
"1","43"
"23","1923"
"23","1924"
"1","44"
"1","45"
"23","1925"
"1","46"
"23","1926"
"23","1990"
"1","47"
"23","1912"
"1","48"
"1","49"
"16","919"
"16","920"
"16","921"
"17","1071"
"16","922"
"16","923"
"16","925"
"16","926"
"23","1913"
"17","1072"
"16","927"
"16","928"
"23","1914"
"23","1929"
"23","1930"
"23","1931"
"23","1932"
"23","1933"
"17","1025"
"23","1934"
"23","1935"
"23","1936"
"23","1960"
"23","1937"
"23","1938"
"23","1975"
"23","1939"
"23","1941"
"23","1940"
"23","1945"
"23","1976"
"23","1942"
"23","1948"
"23","1943"
"23","1961"
"23","1991"
"23","1944"
"23","1992"
"23","1946"
"23","1947"
"23","1984"
"23","1949"
"23","1953"
"23","1989"
"23","1950"
"23","1951"
"23","1952"
"23","2000"
"23","1954"
"23","1955"
"23","1968"
"23","1956"
"23","1959"
"23","1957"
"23","1958"
"23","1962"
"23","1963"
"23","1964"
"23","1969"
"23","1965"
"23","1966"
"23","1967"
"23","1970"
"23","1971"
"23","1972"
"23","1973"
"23","1974"
"23","1977"
"23","1982"
"23","1983"
"23","1978"
"23","1979"
"23","1980"
"23","1981"
"23","1985"
"23","1986"
"23","1987"
"23","1988"
"17","1104"
"23","1993"
"23","1994"
"23","1995"
"23","1996"
"23","2001"
"23","1997"
"23","1998"
"23","1999"
"23","2002"
"23","2003"
"23","2004"
"23","2005"
"23","2006"
"23","2007"
"23","2008"
"23","2009"
"23","2013"
"23","2010"
"23","2011"
"23","2012"
"23","2014"
"23","2015"
"23","2016"
"17","1026"
"23","2017"
"23","2018"
"23","2019"
"24","2028"
"23","2020"
"23","2021"
"23","2022"
"23","2023"
"23","2024"
"42","2818"
"23","2025"
"24","2026"
"24","2027"
"42","2826"
"24","2029"
"24","2030"
"24","2031"
"42","2817"
"24","2032"
"24","2033"
"42","2816"
"42","2819"
"42","2820"
"42","2821"
"42","2822"
"42","2823"
"42","2824"
"42","2825"
"42","2827"
"42","2828"
"42","2829"
"42","2830"
"42","2831"
"42","2832"
"42","2833"
"42","2834"
"42","2835"
"42","2836"
"42","2837"
"42","2838"
"42","2839"
"42","2840"
"42","2841"
"42","2842"
"42","2843"
"42","2844"
"42","2845"
"42","2846"
"42","2847"
"42","2853"
"5","293"
"42","2848"
"5","294"
"42","2849"
"42","2854"
"42","2857"
"42","2850"
"17","1073"
"42","2851"
"42","2855"
"42","2856"
"42","2852"
"17","1074"
"42","2858"
"42","2859"
"42","2861"
"42","2862"
"42","2864"
"42","2863"
"42","2865"
"17","1027"
"42","2866"
"42","2867"
"17","1028"
"42","2868"
"42","2869"
"42","2873"
"17","1029"
"42","2870"
"2","62"
"2","63"
"2","64"
"42","2871"
"42","2874"
"17","1030"
"42","2872"
"2","74"
"17","1031"
"42","2875"
"42","2876"
"42","3272"
"42","2877"
"42","2878"
"42","2879"
"2","75"
"17","1032"
"42","2880"
"42","3273"
"2","76"
"42","2881"
"42","3274"
"2","77"
"17","1033"
"42","2882"
"2","78"
"42","2883"
"2","79"
"2","80"
"42","2884"
"2","81"
"17","1034"
"42","2885"
"2","51"
"2","52"
"42","2886"
"2","53"
"2","54"
"42","2887"
"42","2888"
"2","55"
"2","56"
"17","1035"
"42","2889"
"2","57"
"2","58"
"2","59"
"42","2890"
"2","60"
"2","61"
"2","65"
"2","66"
"2","67"
"2","68"
"2","69"
"2","70"
"2","71"
"2","72"
"2","73"
"2","82"
"2","83"
"2","84"
"2","85"
"2","86"
"2","87"
"2","93"
"2","88"
"2","89"
"2","94"
"17","1075"
"2","90"
"2","91"
"2","92"
"2","95"
"2","96"
"2","97"
"2","98"
"2","101"
"2","102"
"2","99"
"2","100"
"2","110"
"17","1076"
"2","103"
"2","104"
"2","111"
"2","105"
"2","106"
"2","107"
"2","108"
"2","109"
"2","112"
"2","113"
"2","114"
"2","115"
"2","133"
"2","116"
"2","117"
"2","118"
"17","1091"
"2","119"
"2","120"
"2","123"
"2","124"
"2","121"
"2","122"
"2","125"
"17","1092"
"2","126"
"2","127"
"2","132"
"2","128"
"2","131"
"4","247"
"2","129"
"2","130"
"4","248"
"4","249"
"4","250"
"2","134"
"2","135"
"4","251"
"2","136"
"2","137"
"2","138"
"4","256"
"2","139"
"4","257"
"4","261"
"2","140"
"4","244"
"4","245"
"4","246"
"17","1036"
"4","252"
"4","253"
"4","254"
"4","255"
"17","1049"
"4","258"
"4","259"
"4","260"
"4","262"
"17","1050"
"4","263"
"4","264"
"4","265"
"5","307"
"4","266"
"4","268"
"5","308"
"39","2772"
"4","267"
"5","3277"
"4","269"
"17","963"
"4","270"
"4","271"
"5","313"
"4","272"
"4","277"
"4","273"
"4","274"
"4","278"
"17","964"
"4","275"
"4","276"
"5","288"
"4","279"
"4","280"
"5","289"
"4","281"
"4","282"
"5","290"
"5","291"
"4","283"
"4","284"
"5","292"
"4","285"
"4","286"
"4","287"
"17","978"
"5","295"
"5","296"
"5","297"
"5","298"
"5","299"
"5","300"
"5","314"
"5","301"
"5","302"
"5","316"
"17","979"
"17","1051"
"5","303"
"5","304"
"5","305"
"5","306"
"5","309"
"5","310"
"5","311"
"5","312"
"5","317"
"5","318"
"5","319"
"5","320"
"5","321"
"5","330"
"17","1052"
"5","322"
"5","323"
"5","324"
"10","652"
"5","325"
"5","326"
"5","327"
"5","328"
"5","329"
"17","1053"
"10","653"
"10","654"
"10","657"
"10","655"
"10","656"
"10","658"
"19","1206"
"19","1207"
"19","1208"
"10","659"
"19","1209"
"10","660"
"17","980"
"10","661"
"19","1204"
"19","1205"
"19","1210"
"19","1211"
"17","981"
"17","1054"
"19","1212"
"19","1213"
"19","1240"
"19","1214"
"19","1215"
"17","982"
"17","1055"
"19","1216"
"19","1217"
"17","983"
"17","984"
"19","1218"
"19","1219"
"19","1220"
"17","985"
"19","1221"
"19","1222"
"19","1223"
"19","1247"
"19","1224"
"19","1225"
"19","1226"
"17","986"
"17","988"
"19","1227"
"19","1228"
"19","1254"
"19","1255"
"19","1229"
"19","1230"
"19","1231"
"19","1232"
"19","1233"
"19","1234"
"19","1256"
"17","989"
"17","990"
"19","1235"
"19","1236"
"19","1237"
"38","2734"
"17","991"
"17","992"
"19","1238"
"19","1239"
"19","1241"
"19","1242"
"17","993"
"19","1243"
"38","2735"
"19","1244"
"38","2736"
"19","1245"
"19","1248"
"38","2737"
"19","1246"
"38","2738"
"17","994"
"19","1249"
"19","1250"
"19","1252"
"19","1251"
"39","2747"
"39","2748"
"17","995"
"19","1257"
"19","1258"
"19","1259"
"19","1260"
"38","2732"
"38","2733"
"17","996"
"38","2739"
"38","2740"
"17","997"
"17","998"
"17","1056"
"38","2741"
"38","2742"
"38","2743"
"39","2744"
"39","2745"
"39","2749"
"39","2750"
"39","2746"
"39","2751"
"39","2752"
"39","2753"
"17","999"
"39","2754"
"39","2755"
"39","2762"
"39","2756"
"39","2757"
"39","2758"
"39","2759"
"39","2760"
"39","2761"
"39","2766"
"17","1012"
"39","2763"
"39","2767"
"39","2768"
"39","2769"
"39","2770"
"39","2771"
"39","2764"
"39","2765"
"17","1013"
"39","2773"
"39","2774"
"39","2775"
"17","1014"
"17","1015"
"17","1016"
"39","2776"
"39","2777"
"5","3275"
"5","3276"
"17","1017"
"17","965"
"17","967"
"17","968"
"17","969"
"17","970"
"17","971"
"17","976"
"17","977"
"17","1000"
"17","1001"
"17","1002"
"17","1003"
"17","1004"
"17","1005"
"17","1008"
"17","1009"
"17","1010"
"17","1011"
"17","1037"
"17","1038"
"17","1039"
"17","1040"
"17","1041"
"17","1042"
"17","1043"
"17","1044"
"17","1045"
"17","1046"
"17","1047"
"17","1048"
"17","1058"
"17","1060"
"17","1061"
"17","1062"
"17","1063"
"17","1064"
"17","1065"
"17","1066"
"17","1067"
"17","1068"
"17","1077"
"17","1079"
"17","1080"
"17","1081"
"17","1082"
"17","1083"
"17","1084"
"17","1085"
"17","1086"
"17","1087"
"17","1088"
"17","1089"
"17","1090"
"17","1093"
"17","1094"
"17","1095"
"17","1096"
"17","1097"
"17","1098"
"17","1100"
"17","1101"
"17","1102"
"17","1103"
"17","1105"
"17","1106"
"17","1107"
"17","1108"
"17","1109"
"17","1111"
"17","1112"
"17","1113"
"17","3264"
"17","1145"
"17","1146"
"17","1147"
"17","1166"
"17","1148"
"17","1151"
"17","1155"
"17","1156"
"17","3259"
"17","1157"
"17","1158"
"17","1163"
"17","3260"
"17","1159"
"17","1161"
"17","1162"
"17","3265"
"17","1164"
"17","1165"
"17","3266"
"17","1167"
"17","1168"
"17","3261"
"17","1169"
"17","1170"
"17","3262"
"17","1171"
"17","1172"
"17","3267"
"17","1173"
"17","1174"
"17","1175"
"17","1176"
"17","1177"
"17","3179"
"17","3239"
"17","3263"
"17","3240"
"17","3241"
"17","3242"
"17","3257"
"17","3258"
"17","3300"
"17","3301"
"17","3302"
"17","3303"
"17","3304"
"17","3305"
"17","3306"
"17","3307"
"17","3308"
"17","3309"
"17","3310"
"17","3311"
"17","3312"
"17","3313"
